inspection_id,folder_id,template_id,template_name,external_id,propNum,propName,unit_name,sectionName,MainCat,item_name,rating_group_key,keyName,keyValue,WO_Key,WO_Value,notes
nbrvg1-nd-0-425181,74701,bqlge0-a-0-142791,Unit by Unit Inspection,3109$A101,3109,Coco Village,A101,General,General,Carpet,Condition: Acceptable / Repair / Replace / NA,Condition,Replace,Condition,Replace,Replace at turn
nbrvg1-bf-0-425181,74701,bqlge0-a-0-142791,Unit by Unit Inspection,3109$A106,3109,Coco Village,A106,Kitchen,Kitchen,Cabinets,Condition: Acceptable / Repair / Replace,Condition,Repair,Condition,Repair,Ubu drawer missing screw on rail
nbrvg1-bf-0-425181,74701,bqlge0-a-0-142791,Unit by Unit Inspection,3109$A106,3109,Coco Village,A106,Occupancy,Occupancy,Pets in Unit,Status: Yes - No (where Yes = Bad) WO,Status,Yes,Status,Yes,Pet present
nbrvg1-zf-0-425181,74701,bqlge0-a-0-142791,Unit by Unit Inspection,3109$A108,3109,Coco Village,A108,Occupancy,Occupancy,Pets in Unit,Status: Yes - No (where Yes = Bad) WO,Status,Yes,Status,Yes,Pet present
nbrvg1-bi-0-425181,74701,bqlge0-a-0-142791,Unit by Unit Inspection,3109$A207,3109,Coco Village,A207,General,General,Heater,Condition: Acceptable / Repair / Replace / NA,Condition,Repair,Condition,Repair,Ubu heater coil leaking
nbrvg1-zi-0-425181,74701,bqlge0-a-0-142791,Unit by Unit Inspection,3109$AA101,3109,Coco Village,AA101,General,General,Carpet,Condition: Acceptable / Repair / Replace / NA,Condition,Replace,Condition,Replace,Replace at turn
nbrvg1-zi-0-425181,74701,bqlge0-a-0-142791,Unit by Unit Inspection,3109$AA101,3109,Coco Village,AA101,General,General,Vinyl,Condition: Acceptable / Repair / Replace / NA,Condition,Repair,Condition,Repair,Replace at turn
nbrvg1-zi-0-425181,74701,bqlge0-a-0-142791,Unit by Unit Inspection,3109$AA101,3109,Coco Village,AA101,General,General,Vinyl,Condition: Acceptable / Repair / Replace / NA,Condition,Repair,Condition,Repair,Replace at turn
nbrvg1-zi-0-425181,74701,bqlge0-a-0-142791,Unit by Unit Inspection,3109$AA101,3109,Coco Village,AA101,Occupancy,Occupancy,Pets in Unit,Status: Yes - No (where Yes = Bad) WO,Status,Yes,Status,Yes,Dog
nbrvg1-zi-0-425181,74701,bqlge0-a-0-142791,Unit by Unit Inspection,3109$AA101,3109,Coco Village,AA101,Occupancy,Occupancy,Pets in Unit,Status: Yes - No (where Yes = Bad) WO,Status,Yes,Status,Yes,Dog
nbrvg1-bj-0-425181,74701,bqlge0-a-0-142791,Unit by Unit Inspection,3109$AA102,3109,Coco Village,AA102,General,General,Detector Condition,Detector Condition,Smoke Detector Condition,Replace 1,Smoke Detector Condition,Replace 1,Replaced living room detector
nbrvg1-bj-0-425181,74701,bqlge0-a-0-142791,Unit by Unit Inspection,3109$AA102,3109,Coco Village,AA102,Occupancy,Occupancy,Pets in Unit,Status: Yes - No (where Yes = Bad) WO,Status,Yes,Status,Yes,Pets present. 2 dogs
nbrvg1-nj-0-425181,74701,bqlge0-a-0-142791,Unit by Unit Inspection,3109$AA103,3109,Coco Village,AA103,Occupancy,Occupancy,Pets in Unit,Status: Yes - No (where Yes = Bad) WO,Status,Yes,Status,Yes,Dog present
nbrvg1-zj-0-425181,74701,bqlge0-a-0-142791,Unit by Unit Inspection,3109$AA104,3109,Coco Village,AA104,Occupancy,Occupancy,Pets in Unit,Status: Yes - No (where Yes = Bad) WO,Status,Yes,Status,Yes,Dogs present 2
nbrvg1-bk-0-425181,74701,bqlge0-a-0-142791,Unit by Unit Inspection,3109$AA201,3109,Coco Village,AA201,General,General,Carpet,Condition: Acceptable / Repair / Replace / NA,Condition,Repair,Condition,Repair,Possible replace or repair at turn
nbrvg1-bk-0-425181,74701,bqlge0-a-0-142791,Unit by Unit Inspection,3109$AA201,3109,Coco Village,AA201,General,General,Carpet,Condition: Acceptable / Repair / Replace / NA,Condition,Repair,Condition,Repair,Possible replace or repair at turn
nbrvg1-nk-0-425181,74701,bqlge0-a-0-142791,Unit by Unit Inspection,3109$AA202,3109,Coco Village,AA202,Bathroom,Bathroom,Bathtub / Shower Faucet,Condition: Acceptable / Repair / Replace,Condition,Repair,Condition,Repair,Resurface at turn
nbrvg1-nk-0-425181,74701,bqlge0-a-0-142791,Unit by Unit Inspection,3109$AA202,3109,Coco Village,AA202,General,General,Carpet,Condition: Acceptable / Repair / Replace / NA,Condition,Repair,Condition,Repair,Repair at turn
nbrvg1-cd-0-425181,74701,bqlge0-a-0-142791,Unit by Unit Inspection,3109$B204,3109,Coco Village,B204,Bathroom,Bathroom,Bathtub / Shower Faucet,Condition: Acceptable / Repair / Replace,Condition,Repair,Condition,Repair,Tub rusting by drain.
nbrvg1-cd-0-425181,74701,bqlge0-a-0-142791,Unit by Unit Inspection,3109$B204,3109,Coco Village,B204,General,General,Detector Condition,Detector Condition,Smoke Detector Condition,Replace 1,Smoke Detector Condition,Replace 1,
nbrvg1-od-0-425181,74701,bqlge0-a-0-142791,Unit by Unit Inspection,3109$B205,3109,Coco Village,B205,Bathroom,Bathroom,Bathtub / Shower Faucet,Condition: Acceptable / Repair / Replace,Condition,Repair,Condition,Repair,Refinish at turm
nbrvg1-od-0-425181,74701,bqlge0-a-0-142791,Unit by Unit Inspection,3109$B205,3109,Coco Village,B205,General,General,Carpet,Condition: Acceptable / Repair / Replace / NA,Condition,Replace,Condition,Replace,Replace at turn
nbrvg1-od-0-425181,74701,bqlge0-a-0-142791,Unit by Unit Inspection,3109$B205,3109,Coco Village,B205,Occupancy,Occupancy,Housekeeping,Status: Yes - No (where Yes = Bad) WO,Status,Yes,Status,Yes,Office to follow up
nbrvg1-od-0-425181,74701,bqlge0-a-0-142791,Unit by Unit Inspection,3109$B205,3109,Coco Village,B205,Occupancy,Occupancy,Housekeeping,Status: Yes - No (where Yes = Bad) WO,Status,Yes,Status,Yes,Office to follow up
nbrvg1-od-0-425181,74701,bqlge0-a-0-142791,Unit by Unit Inspection,3109$B205,3109,Coco Village,B205,Occupancy,Occupancy,Housekeeping,Status: Yes - No (where Yes = Bad) WO,Status,Yes,Status,Yes,Office to follow up
nbrvg1-od-0-425181,74701,bqlge0-a-0-142791,Unit by Unit Inspection,3109$B205,3109,Coco Village,B205,Occupancy,Occupancy,Housekeeping,Status: Yes - No (where Yes = Bad) WO,Status,Yes,Status,Yes,Office to follow up
nbrvg1-od-0-425181,74701,bqlge0-a-0-142791,Unit by Unit Inspection,3109$B205,3109,Coco Village,B205,Occupancy,Occupancy,Pets in Unit,Status: Yes - No (where Yes = Bad) WO,Status,Yes,Status,Yes,1 dog
nbrvg1-od-0-425181,74701,bqlge0-a-0-142791,Unit by Unit Inspection,3109$B205,3109,Coco Village,B205,Occupancy,Occupancy,Pets in Unit,Status: Yes - No (where Yes = Bad) WO,Status,Yes,Status,Yes,1 dog
nbrvg1-od-0-425181,74701,bqlge0-a-0-142791,Unit by Unit Inspection,3109$B205,3109,Coco Village,B205,Occupancy,Occupancy,Pets in Unit,Status: Yes - No (where Yes = Bad) WO,Status,Yes,Status,Yes,1 dog
nbrvg1-cf-0-425181,74701,bqlge0-a-0-142791,Unit by Unit Inspection,3109$BB102,3109,Coco Village,BB102,Occupancy,Occupancy,Pets in Unit,Status: Yes - No (where Yes = Bad) WO,Status,Yes,Status,Yes,Dog
nbrvg1-ch-0-425181,74701,bqlge0-a-0-142791,Unit by Unit Inspection,3109$BB108,3109,Coco Village,BB108,Occupancy,Occupancy,Pets in Unit,Status: Yes - No (where Yes = Bad) WO,Status,Yes,Status,Yes,Cat
nbrvg1-oh-0-425181,74701,bqlge0-a-0-142791,Unit by Unit Inspection,3109$BB201,3109,Coco Village,BB201,Bathroom,Bathroom,Bathtub / Shower Faucet,Condition: Acceptable / Repair / Replace,Condition,Repair,Condition,Repair,Flange needs to be secure during work order
nbrvg1-cj-0-425181,74701,bqlge0-a-0-142791,Unit by Unit Inspection,3109$BB206,3109,Coco Village,BB206,Occupancy,Occupancy,Pets in Unit,Status: Yes - No (where Yes = Bad) WO,Status,Yes,Status,Yes,Cat
nbrvg1-cj-0-425181,74701,bqlge0-a-0-142791,Unit by Unit Inspection,3109$BB206,3109,Coco Village,BB206,Occupancy,Occupancy,Pets in Unit,Status: Yes - No (where Yes = Bad) WO,Status,Yes,Status,Yes,Cat
nbrvg1-0j-0-425181,74701,bqlge0-a-0-142791,Unit by Unit Inspection,3109$BB208,3109,Coco Village,BB208,General,General,Carpet,Condition: Acceptable / Repair / Replace / NA,Condition,Replace,Condition,Replace,Dog replace at turn
nbrvg1-0j-0-425181,74701,bqlge0-a-0-142791,Unit by Unit Inspection,3109$BB208,3109,Coco Village,BB208,General,General,Carpet,Condition: Acceptable / Repair / Replace / NA,Condition,Replace,Condition,Replace,Dog replace at turn
nbrvg1-0j-0-425181,74701,bqlge0-a-0-142791,Unit by Unit Inspection,3109$BB208,3109,Coco Village,BB208,Occupancy,Occupancy,Pets in Unit,Status: Yes - No (where Yes = Bad) WO,Status,Yes,Status,Yes,Dog
nbrvg1-ck-0-425181,74701,bqlge0-a-0-142791,Unit by Unit Inspection,3109$C101,3109,Coco Village,C101,Occupancy,Occupancy,Pets in Unit,Status: Yes - No (where Yes = Bad) WO,Status,Yes,Status,Yes,1 dog
nbrvg1-ck-0-425181,74701,bqlge0-a-0-142791,Unit by Unit Inspection,3109$C101,3109,Coco Village,C101,Occupancy,Occupancy,Pets in Unit,Status: Yes - No (where Yes = Bad) WO,Status,Yes,Status,Yes,1 dog
nbrvg1-ok-0-425181,74701,bqlge0-a-0-142791,Unit by Unit Inspection,3109$C102,3109,Coco Village,C102,Kitchen,Kitchen,Cabinets,Condition: Acceptable / Repair / Replace,Condition,Repair,Condition,Repair,Repaired at turn
nbrvg1-cl-0-425181,74701,bqlge0-a-0-142791,Unit by Unit Inspection,3109$C104,3109,Coco Village,C104,Occupancy,Occupancy,Pets in Unit,Status: Yes - No (where Yes = Bad) WO,Status,Yes,Status,Yes,Cat
nbrvg1-ol-0-425181,74701,bqlge0-a-0-142791,Unit by Unit Inspection,3109$C201,3109,Coco Village,C201,Occupancy,Occupancy,Pets in Unit,Status: Yes - No (where Yes = Bad) WO,Status,Yes,Status,Yes,1 dog 1 cat
nbrvg1-b-0-425181,74701,bqlge0-a-0-142791,Unit by Unit Inspection,3109$C202,3109,Coco Village,C202,General,General,Detector Condition,Detector Condition,Smoke Detector Condition,Replace 2,Smoke Detector Condition,Replace 2,
nbrvg1-8-0-425181,74701,bqlge0-a-0-142791,Unit by Unit Inspection,3109$CC101,3109,Coco Village,CC101,General,General,Carpet,Condition: Acceptable / Repair / Replace / NA,Condition,Replace,Condition,Replace,Replace at turn
nbrvg1-8-0-425181,74701,bqlge0-a-0-142791,Unit by Unit Inspection,3109$CC101,3109,Coco Village,CC101,Occupancy,Occupancy,Pets in Unit,Status: Yes - No (where Yes = Bad) WO,Status,Yes,Status,Yes,Dog
nbrvg1-8-0-425181,74701,bqlge0-a-0-142791,Unit by Unit Inspection,3109$CC101,3109,Coco Village,CC101,Occupancy,Occupancy,Pets in Unit,Status: Yes - No (where Yes = Bad) WO,Status,Yes,Status,Yes,Dog
nbrvg1-ub-0-425181,74701,bqlge0-a-0-142791,Unit by Unit Inspection,3109$CC103,3109,Coco Village,CC103,Occupancy,Occupancy,Pets in Unit,Status: Yes - No (where Yes = Bad) WO,Status,Yes,Status,Yes,ESA on lease
nbrvg1-5b-0-425181,74701,bqlge0-a-0-142791,Unit by Unit Inspection,3109$CC104,3109,Coco Village,CC104,Occupancy,Occupancy,Pets in Unit,Status: Yes - No (where Yes = Bad) WO,Status,Yes,Status,Yes,Dog present
nbrvg1-rc-0-425181,74701,bqlge0-a-0-142791,Unit by Unit Inspection,3109$CC106,3109,Coco Village,CC106,Occupancy,Occupancy,Pets in Unit,Status: Yes - No (where Yes = Bad) WO,Status,Yes,Status,Yes,Cats present
nbrvg1-dd-0-425181,74701,bqlge0-a-0-142791,Unit by Unit Inspection,3109$CC108,3109,Coco Village,CC108,Occupancy,Occupancy,Pets in Unit,Status: Yes - No (where Yes = Bad) WO,Status,Yes,Status,Yes,Dogs present 2
nbrvg1-pe-0-425181,74701,bqlge0-a-0-142791,Unit by Unit Inspection,3109$CC204,3109,Coco Village,CC204,General,General,Carpet,Condition: Acceptable / Repair / Replace / NA,Condition,Replace,Condition,Replace,Replace at turn. Picture did not save
nbrvg1-pe-0-425181,74701,bqlge0-a-0-142791,Unit by Unit Inspection,3109$CC204,3109,Coco Village,CC204,Kitchen,Kitchen,Cabinets,Condition: Acceptable / Repair / Replace,Condition,Repair,Condition,Repair,Ubu work order repair cabinet drawer
nbrvg1-pe-0-425181,74701,bqlge0-a-0-142791,Unit by Unit Inspection,3109$CC204,3109,Coco Village,CC204,Living / Dining Room,Living / Dining Room,Ceiling Fan / Light Fixture,Condition: Acceptable / Repair / Replace / NA,Condition,Repair,Condition,Repair,Ubu kitchen light out
nbrvg1-pe-0-425181,74701,bqlge0-a-0-142791,Unit by Unit Inspection,3109$CC204,3109,Coco Village,CC204,Occupancy,Occupancy,Housekeeping,Status: Yes - No (where Yes = Bad) WO,Status,Yes,Status,Yes,Kitchen dirty
nbrvg1-1e-0-425181,74701,bqlge0-a-0-142791,Unit by Unit Inspection,3109$CC205,3109,Coco Village,CC205,General,General,Detector Condition,Detector Condition,Smoke Detector Condition,Replace 1,Smoke Detector Condition,Replace 1,Replaced living room detector
nbrvg1-1f-0-425181,74701,bqlge0-a-0-142791,Unit by Unit Inspection,3109$CC208,3109,Coco Village,CC208,Occupancy,Occupancy,Pets in Unit,Status: Yes - No (where Yes = Bad) WO,Status,Yes,Status,Yes,Dog
nbrvg1-pg-0-425181,74701,bqlge0-a-0-142791,Unit by Unit Inspection,3109$D102,3109,Coco Village,D102,Occupancy,Occupancy,Pets in Unit,Status: Yes - No (where Yes = Bad) WO,Status,Yes,Status,Yes,Pet present
nbrvg1-dh-0-425181,74701,bqlge0-a-0-142791,Unit by Unit Inspection,3109$D104,3109,Coco Village,D104,General,General,Carpet,Condition: Acceptable / Repair / Replace / NA,Condition,Repair,Condition,Repair,Ubu repair bedroom entrance
nbrvg1-dh-0-425181,74701,bqlge0-a-0-142791,Unit by Unit Inspection,3109$D104,3109,Coco Village,D104,General,General,Vinyl,Condition: Acceptable / Repair / Replace / NA,Condition,Repair,Condition,Repair,Ubu planks lifting
nbrvg1-ph-0-425181,74701,bqlge0-a-0-142791,Unit by Unit Inspection,3109$D201,3109,Coco Village,D201,Bathroom,Bathroom,Mirror,Condition: Acceptable / Replace,Condition,Replace,Condition,Replace,Replace at turn spots
nbrvg1-1h-0-425181,74701,bqlge0-a-0-142791,Unit by Unit Inspection,3109$D202,3109,Coco Village,D202,Occupancy,Occupancy,Housekeeping,Status: Yes - No (where Yes = Bad) WO,Status,Yes,Status,Yes,Notice for shoes at entry
nbrvg1-di-0-425181,74701,bqlge0-a-0-142791,Unit by Unit Inspection,3109$D203,3109,Coco Village,D203,Bathroom,Bathroom,Bathtub / Shower Faucet,Condition: Acceptable / Repair / Replace,Condition,Repair,Condition,Repair,Resurface at turn.
nbrvg1-di-0-425181,74701,bqlge0-a-0-142791,Unit by Unit Inspection,3109$D203,3109,Coco Village,D203,Bathroom,Bathroom,Mirror,Condition: Acceptable / Replace,Condition,Replace,Condition,Replace,Mirror spots due to age.
nbrvg1-1i-0-425181,74701,bqlge0-a-0-142791,Unit by Unit Inspection,3109$DD101,3109,Coco Village,DD101,General,General,Detector Condition,Detector Condition,Smoke Detector Condition,Replace 1,Smoke Detector Condition,Replace 1,
nbrvg1-1i-0-425181,74701,bqlge0-a-0-142791,Unit by Unit Inspection,3109$DD101,3109,Coco Village,DD101,Occupancy,Occupancy,Pets in Unit,Status: Yes - No (where Yes = Bad) WO,Status,Yes,Status,Yes,Not sure what kind of pet
nbrvg1-1i-0-425181,74701,bqlge0-a-0-142791,Unit by Unit Inspection,3109$DD101,3109,Coco Village,DD101,Occupancy,Occupancy,Pets in Unit,Status: Yes - No (where Yes = Bad) WO,Status,Yes,Status,Yes,Not sure what kind of pet
nbrvg1-dj-0-425181,74701,bqlge0-a-0-142791,Unit by Unit Inspection,3109$DD102,3109,Coco Village,DD102,Occupancy,Occupancy,Pets in Unit,Status: Yes - No (where Yes = Bad) WO,Status,Yes,Status,Yes,Dog present
nbrvg1-dl-0-425181,74701,bqlge0-a-0-142791,Unit by Unit Inspection,3109$DD108,3109,Coco Village,DD108,Occupancy,Occupancy,Pets in Unit,Status: Yes - No (where Yes = Bad) WO,Status,Yes,Status,Yes,Kitten present
nbrvg1-pl-0-425181,74701,bqlge0-a-0-142791,Unit by Unit Inspection,3109$DD201,3109,Coco Village,DD201,Occupancy,Occupancy,Pets in Unit,Status: Yes - No (where Yes = Bad) WO,Status,Yes,Status,Yes,Dog present
nbrvg1-n-0-425181,74701,bqlge0-a-0-142791,Unit by Unit Inspection,3109$DD203,3109,Coco Village,DD203,General,General,Carpet,Condition: Acceptable / Repair / Replace / NA,Condition,Repair,Condition,Repair,Repair at turn
nbrvg1-y-0-425181,74701,bqlge0-a-0-142791,Unit by Unit Inspection,3109$DD204,3109,Coco Village,DD204,General,General,Carpet,Condition: Acceptable / Repair / Replace / NA,Condition,Repair,Condition,Repair,Possible replace strong smell
nbrvg1-y-0-425181,74701,bqlge0-a-0-142791,Unit by Unit Inspection,3109$DD204,3109,Coco Village,DD204,General,General,Carpet,Condition: Acceptable / Repair / Replace / NA,Condition,Repair,Condition,Repair,Possible replace strong smell
nbrvg1-vb-0-425181,74701,bqlge0-a-0-142791,Unit by Unit Inspection,3109$DD207,3109,Coco Village,DD207,Occupancy,Occupancy,Pets in Unit,Status: Yes - No (where Yes = Bad) WO,Status,Yes,Status,Yes,Cat
nbrvg1-vb-0-425181,74701,bqlge0-a-0-142791,Unit by Unit Inspection,3109$DD207,3109,Coco Village,DD207,Occupancy,Occupancy,Pets in Unit,Status: Yes - No (where Yes = Bad) WO,Status,Yes,Status,Yes,Cat
nbrvg1-6b-0-425181,74701,bqlge0-a-0-142791,Unit by Unit Inspection,3109$DD208,3109,Coco Village,DD208,General,General,Vinyl,Condition: Acceptable / Repair / Replace / NA,Condition,Repair,Condition,Repair,Possibly Replace at turn
nbrvg1-6b-0-425181,74701,bqlge0-a-0-142791,Unit by Unit Inspection,3109$DD208,3109,Coco Village,DD208,General,General,Vinyl,Condition: Acceptable / Repair / Replace / NA,Condition,Repair,Condition,Repair,Possibly Replace at turn
nbrvg1-6b-0-425181,74701,bqlge0-a-0-142791,Unit by Unit Inspection,3109$DD208,3109,Coco Village,DD208,General,General,Vinyl,Condition: Acceptable / Repair / Replace / NA,Condition,Repair,Condition,Repair,Possibly Replace at turn
nbrvg1-6b-0-425181,74701,bqlge0-a-0-142791,Unit by Unit Inspection,3109$DD208,3109,Coco Village,DD208,Occupancy,Occupancy,Pets in Unit,Status: Yes - No (where Yes = Bad) WO,Status,Yes,Status,Yes,Cat
nbrvg1-6b-0-425181,74701,bqlge0-a-0-142791,Unit by Unit Inspection,3109$DD208,3109,Coco Village,DD208,Occupancy,Occupancy,Pets in Unit,Status: Yes - No (where Yes = Bad) WO,Status,Yes,Status,Yes,Cat
nbrvg1-hc-0-425181,74701,bqlge0-a-0-142791,Unit by Unit Inspection,3109$E101,3109,Coco Village,E101,Occupancy,Occupancy,Pets in Unit,Status: Yes - No (where Yes = Bad) WO,Status,Yes,Status,Yes,Pet present
nbrvg1-ed-0-425181,74701,bqlge0-a-0-142791,Unit by Unit Inspection,3109$E104,3109,Coco Village,E104,Occupancy,Occupancy,Pets in Unit,Status: Yes - No (where Yes = Bad) WO,Status,Yes,Status,Yes,2 dogs
nbrvg1-2e-0-425181,74701,bqlge0-a-0-142791,Unit by Unit Inspection,3109$EE101,3109,Coco Village,EE101,Occupancy,Occupancy,Pets in Unit,Status: Yes - No (where Yes = Bad) WO,Status,Yes,Status,Yes,Evidence of pet not present. Dog. Found dog food in kitchen
nbrvg1-eg-0-425181,74701,bqlge0-a-0-142791,Unit by Unit Inspection,3109$EE201,3109,Coco Village,EE201,General,General,Carpet,Condition: Acceptable / Repair / Replace / NA,Condition,Replace,Condition,Replace,Replace at turn. Pet urine
nbrvg1-eg-0-425181,74701,bqlge0-a-0-142791,Unit by Unit Inspection,3109$EE201,3109,Coco Village,EE201,Occupancy,Occupancy,Pets in Unit,Status: Yes - No (where Yes = Bad) WO,Status,Yes,Status,Yes,Dog present
nbrvg1-2g-0-425181,74701,bqlge0-a-0-142791,Unit by Unit Inspection,3109$EE203,3109,Coco Village,EE203,General,General,Detector Condition,Detector Condition,Smoke Detector Condition,Replace 1,Smoke Detector Condition,Replace 1,Replace 2 at inspection
nbrvg1-eh-0-425181,74701,bqlge0-a-0-142791,Unit by Unit Inspection,3109$EE204,3109,Coco Village,EE204,General,General,Detector Condition,Detector Condition,Smoke Detector Condition,Replace 2,Smoke Detector Condition,Replace 2,Replace during inspection
nbrvg1-eh-0-425181,74701,bqlge0-a-0-142791,Unit by Unit Inspection,3109$EE204,3109,Coco Village,EE204,Occupancy,Occupancy,Pets in Unit,Status: Yes - No (where Yes = Bad) WO,Status,Yes,Status,Yes,Dogs present. 2
nbrvg1-qh-0-425181,74701,bqlge0-a-0-142791,Unit by Unit Inspection,3109$F101,3109,Coco Village,F101,Occupancy,Occupancy,Pets in Unit,Status: Yes - No (where Yes = Bad) WO,Status,Yes,Status,Yes,Dog
nbrvg1-qh-0-425181,74701,bqlge0-a-0-142791,Unit by Unit Inspection,3109$F101,3109,Coco Village,F101,Occupancy,Occupancy,Pets in Unit,Status: Yes - No (where Yes = Bad) WO,Status,Yes,Status,Yes,Dog
nbrvg1-2h-0-425181,74701,bqlge0-a-0-142791,Unit by Unit Inspection,3109$F102,3109,Coco Village,F102,Occupancy,Occupancy,Pets in Unit,Status: Yes - No (where Yes = Bad) WO,Status,Yes,Status,Yes,Dog
nbrvg1-ei-0-425181,74701,bqlge0-a-0-142791,Unit by Unit Inspection,3109$F103,3109,Coco Village,F103,Occupancy,Occupancy,Pets in Unit,Status: Yes - No (where Yes = Bad) WO,Status,Yes,Status,Yes,Dog
nbrvg1-ej-0-425181,74701,bqlge0-a-0-142791,Unit by Unit Inspection,3109$F202,3109,Coco Village,F202,Occupancy,Occupancy,Pets in Unit,Status: Yes - No (where Yes = Bad) WO,Status,Yes,Status,Yes,Dog
nbrvg1-ek-0-425181,74701,bqlge0-a-0-142791,Unit by Unit Inspection,3109$FF101,3109,Coco Village,FF101,Occupancy,Occupancy,Pets in Unit,Status: Yes - No (where Yes = Bad) WO,Status,Yes,Status,Yes,Dog
nbrvg1-qk-0-425181,74701,bqlge0-a-0-142791,Unit by Unit Inspection,3109$FF102,3109,Coco Village,FF102,Occupancy,Occupancy,Pets in Unit,Status: Yes - No (where Yes = Bad) WO,Status,Yes,Status,Yes,Dog present
nbrvg1-2k-0-425181,74701,bqlge0-a-0-142791,Unit by Unit Inspection,3109$FF103,3109,Coco Village,FF103,Occupancy,Occupancy,Pets in Unit,Status: Yes - No (where Yes = Bad) WO,Status,Yes,Status,Yes,Evidence of pet. Dog
nbrvg1-el-0-425181,74701,bqlge0-a-0-142791,Unit by Unit Inspection,3109$FF104,3109,Coco Village,FF104,Bedroom,Bedroom,Closet Doors,Condition: Acceptable / Repair / Replace,Condition,Repair,Condition,Repair,Ubu closet doors come off
nbrvg1-el-0-425181,74701,bqlge0-a-0-142791,Unit by Unit Inspection,3109$FF104,3109,Coco Village,FF104,Occupancy,Occupancy,Pets in Unit,Status: Yes - No (where Yes = Bad) WO,Status,Yes,Status,Yes,Evidence of pet. Dog
nbrvg1-ql-0-425181,74701,bqlge0-a-0-142791,Unit by Unit Inspection,3109$FF201,3109,Coco Village,FF201,Occupancy,Occupancy,Pets in Unit,Status: Yes - No (where Yes = Bad) WO,Status,Yes,Status,Yes,Evidence of pet. Cat
nbrvg1-d-0-425181,74701,bqlge0-a-0-142791,Unit by Unit Inspection,3109$FF202,3109,Coco Village,FF202,Occupancy,Occupancy,Pets in Unit,Status: Yes - No (where Yes = Bad) WO,Status,Yes,Status,Yes,Pet present. Dog
nbrvg1-o-0-425181,74701,bqlge0-a-0-142791,Unit by Unit Inspection,3109$FF203,3109,Coco Village,FF203,General,General,Carpet,Condition: Acceptable / Repair / Replace / NA,Condition,Replace,Condition,Replace,Replace at turn
nbrvg1-z-0-425181,74701,bqlge0-a-0-142791,Unit by Unit Inspection,3109$FF204,3109,Coco Village,FF204,General,General,Carpet,Condition: Acceptable / Repair / Replace / NA,Condition,Replace,Condition,Replace,Replace at turn
nbrvg1-ab-0-425181,74701,bqlge0-a-0-142791,Unit by Unit Inspection,3109$G101,3109,Coco Village,G101,Occupancy,Occupancy,Pets in Unit,Status: Yes - No (where Yes = Bad) WO,Status,Yes,Status,Yes,Dog
nbrvg1-lb-0-425181,74701,bqlge0-a-0-142791,Unit by Unit Inspection,3109$G102,3109,Coco Village,G102,Occupancy,Occupancy,Pets in Unit,Status: Yes - No (where Yes = Bad) WO,Status,Yes,Status,Yes,Dog
nbrvg1-ic-0-425181,74701,bqlge0-a-0-142791,Unit by Unit Inspection,3109$G105,3109,Coco Village,G105,General,General,Carpet,Condition: Acceptable / Repair / Replace / NA,Condition,Replace,Condition,Replace,Replaced at turm
nbrvg1-4c-0-425181,74701,bqlge0-a-0-142791,Unit by Unit Inspection,3109$G107,3109,Coco Village,G107,Occupancy,Occupancy,Pets in Unit,Status: Yes - No (where Yes = Bad) WO,Status,Yes,Status,Yes,Dog
nbrvg1-rd-0-425181,74701,bqlge0-a-0-142791,Unit by Unit Inspection,3109$G201,3109,Coco Village,G201,General,General,Detector Condition,Detector Condition,Smoke Detector Condition,Replace 1,Smoke Detector Condition,Replace 1,
nbrvg1-rd-0-425181,74701,bqlge0-a-0-142791,Unit by Unit Inspection,3109$G201,3109,Coco Village,G201,Occupancy,Occupancy,Pets in Unit,Status: Yes - No (where Yes = Bad) WO,Status,Yes,Status,Yes,2 dogs
nbrvg1-fe-0-425181,74701,bqlge0-a-0-142791,Unit by Unit Inspection,3109$G203,3109,Coco Village,G203,General,General,Carpet,Condition: Acceptable / Repair / Replace / NA,Condition,Replace,Condition,Replace,Replace at turn
nbrvg1-rf-0-425181,74701,bqlge0-a-0-142791,Unit by Unit Inspection,3109$G207,3109,Coco Village,G207,Occupancy,Occupancy,Pets in Unit,Status: Yes - No (where Yes = Bad) WO,Status,Yes,Status,Yes,Dog
nbrvg1-fh-0-425181,74701,bqlge0-a-0-142791,Unit by Unit Inspection,3109$GG104,3109,Coco Village,GG104,Occupancy,Occupancy,Pets in Unit,Status: Yes - No (where Yes = Bad) WO,Status,Yes,Status,Yes,Dog
nbrvg1-fh-0-425181,74701,bqlge0-a-0-142791,Unit by Unit Inspection,3109$GG104,3109,Coco Village,GG104,Occupancy,Occupancy,Pets in Unit,Status: Yes - No (where Yes = Bad) WO,Status,Yes,Status,Yes,Dog
nbrvg1-3h-0-425181,74701,bqlge0-a-0-142791,Unit by Unit Inspection,3109$GG202,3109,Coco Village,GG202,Occupancy,Occupancy,Pets in Unit,Status: Yes - No (where Yes = Bad) WO,Status,Yes,Status,Yes,Pet present. Cat
nbrvg1-3i-0-425181,74701,bqlge0-a-0-142791,Unit by Unit Inspection,3109$H101,3109,Coco Village,H101,Occupancy,Occupancy,Pets in Unit,Status: Yes - No (where Yes = Bad) WO,Status,Yes,Status,Yes,Pet present
nbrvg1-fj-0-425181,74701,bqlge0-a-0-142791,Unit by Unit Inspection,3109$H102,3109,Coco Village,H102,Bathroom,Bathroom,Mirror,Condition: Acceptable / Replace,Condition,Replace,Condition,Replace,Replace at turn
nbrvg1-fj-0-425181,74701,bqlge0-a-0-142791,Unit by Unit Inspection,3109$H102,3109,Coco Village,H102,Occupancy,Occupancy,Pets in Unit,Status: Yes - No (where Yes = Bad) WO,Status,Yes,Status,Yes,Pet present
nbrvg1-rk-0-425181,74701,bqlge0-a-0-142791,Unit by Unit Inspection,3109$H106,3109,Coco Village,H106,Occupancy,Occupancy,Pets in Unit,Status: Yes - No (where Yes = Bad) WO,Status,Yes,Status,Yes,Pet present
nbrvg1-fl-0-425181,74701,bqlge0-a-0-142791,Unit by Unit Inspection,3109$H108,3109,Coco Village,H108,Occupancy,Occupancy,Pets in Unit,Status: Yes - No (where Yes = Bad) WO,Status,Yes,Status,Yes,Pet present
nbrvg1-fl-0-425181,74701,bqlge0-a-0-142791,Unit by Unit Inspection,3109$H108,3109,Coco Village,H108,Occupancy,Occupancy,Pets in Unit,Status: Yes - No (where Yes = Bad) WO,Status,Yes,Status,Yes,Pet present
nbrvg1-xb-0-425181,74701,bqlge0-a-0-142791,Unit by Unit Inspection,3109$H207,3109,Coco Village,H207,General,General,Carpet,Condition: Acceptable / Repair / Replace / NA,Condition,Replace,Condition,Replace,Replace at turn from pet urine. Smells strong
nbrvg1-xb-0-425181,74701,bqlge0-a-0-142791,Unit by Unit Inspection,3109$H207,3109,Coco Village,H207,Occupancy,Occupancy,Pets in Unit,Status: Yes - No (where Yes = Bad) WO,Status,Yes,Status,Yes,Pets present 2
nbrvg1-xb-0-425181,74701,bqlge0-a-0-142791,Unit by Unit Inspection,3109$H207,3109,Coco Village,H207,Occupancy,Occupancy,Pets in Unit,Status: Yes - No (where Yes = Bad) WO,Status,Yes,Status,Yes,Pets present 2
nbrvg1-8b-0-425181,74701,bqlge0-a-0-142791,Unit by Unit Inspection,3109$H208,3109,Coco Village,H208,Occupancy,Occupancy,Pets in Unit,Status: Yes - No (where Yes = Bad) WO,Status,Yes,Status,Yes,Pets present
nbrvg1-5c-0-425181,74701,bqlge0-a-0-142791,Unit by Unit Inspection,3109$HH103,3109,Coco Village,HH103,General,General,Carpet,Condition: Acceptable / Repair / Replace / NA,Condition,Replace,Condition,Replace,Could not take picture because of aggressive dog
nbrvg1-5c-0-425181,74701,bqlge0-a-0-142791,Unit by Unit Inspection,3109$HH103,3109,Coco Village,HH103,Occupancy,Occupancy,Pets in Unit,Status: Yes - No (where Yes = Bad) WO,Status,Yes,Status,Yes,Dog
nbrvg1-sd-0-425181,74701,bqlge0-a-0-142791,Unit by Unit Inspection,3109$HH105,3109,Coco Village,HH105,Occupancy,Occupancy,Pets in Unit,Status: Yes - No (where Yes = Bad) WO,Status,Yes,Status,Yes,Dog
nbrvg1-4f-0-425181,74701,bqlge0-a-0-142791,Unit by Unit Inspection,3109$HH206,3109,Coco Village,HH206,Occupancy,Occupancy,Pets in Unit,Status: Yes - No (where Yes = Bad) WO,Status,Yes,Status,Yes,Cat
nbrvg1-4f-0-425181,74701,bqlge0-a-0-142791,Unit by Unit Inspection,3109$HH206,3109,Coco Village,HH206,Occupancy,Occupancy,Pets in Unit,Status: Yes - No (where Yes = Bad) WO,Status,Yes,Status,Yes,Cat
nbrvg1-gg-0-425181,74701,bqlge0-a-0-142791,Unit by Unit Inspection,3109$I101,3109,Coco Village,I101,Occupancy,Occupancy,Pets in Unit,Status: Yes - No (where Yes = Bad) WO,Status,Yes,Status,Yes,Evidence of pet
nbrvg1-sg-0-425181,74701,bqlge0-a-0-142791,Unit by Unit Inspection,3109$I102,3109,Coco Village,I102,Occupancy,Occupancy,Housekeeping,Status: Yes - No (where Yes = Bad) WO,Status,Yes,Status,Yes,Notice for excess storage on patio and drying rack
nbrvg1-sg-0-425181,74701,bqlge0-a-0-142791,Unit by Unit Inspection,3109$I102,3109,Coco Village,I102,Occupancy,Occupancy,Housekeeping,Status: Yes - No (where Yes = Bad) WO,Status,Yes,Status,Yes,Notice for excess storage on patio and drying rack
nbrvg1-sg-0-425181,74701,bqlge0-a-0-142791,Unit by Unit Inspection,3109$I102,3109,Coco Village,I102,Occupancy,Occupancy,Housekeeping,Status: Yes - No (where Yes = Bad) WO,Status,Yes,Status,Yes,Notice for excess storage on patio and drying rack
nbrvg1-sg-0-425181,74701,bqlge0-a-0-142791,Unit by Unit Inspection,3109$I102,3109,Coco Village,I102,Occupancy,Occupancy,Pets in Unit,Status: Yes - No (where Yes = Bad) WO,Status,Yes,Status,Yes,Pet present
nbrvg1-sj-0-425181,74701,bqlge0-a-0-142791,Unit by Unit Inspection,3109$II103,3109,Coco Village,II103,Occupancy,Occupancy,Pets in Unit,Status: Yes - No (where Yes = Bad) WO,Status,Yes,Status,Yes,Dogs
nbrvg1-gk-0-425181,74701,bqlge0-a-0-142791,Unit by Unit Inspection,3109$II201,3109,Coco Village,II201,General,General,Carpet,Condition: Acceptable / Repair / Replace / NA,Condition,Replace,Condition,Replace,Replace at turn
nbrvg1-gk-0-425181,74701,bqlge0-a-0-142791,Unit by Unit Inspection,3109$II201,3109,Coco Village,II201,Occupancy,Occupancy,Pets in Unit,Status: Yes - No (where Yes = Bad) WO,Status,Yes,Status,Yes,Dog on lease
nbrvg1-sk-0-425181,74701,bqlge0-a-0-142791,Unit by Unit Inspection,3109$II202,3109,Coco Village,II202,Occupancy,Occupancy,Pets in Unit,Status: Yes - No (where Yes = Bad) WO,Status,Yes,Status,Yes,Dog
nbrvg1-4k-0-425181,74701,bqlge0-a-0-142791,Unit by Unit Inspection,3109$II203,3109,Coco Village,II203,Occupancy,Occupancy,Pets in Unit,Status: Yes - No (where Yes = Bad) WO,Status,Yes,Status,Yes,Dog Put away in bathroom
nbrvg1-gl-0-425181,74701,bqlge0-a-0-142791,Unit by Unit Inspection,3109$II204,3109,Coco Village,II204,General,General,Carpet,Condition: Acceptable / Repair / Replace / NA,Condition,Replace,Condition,Replace,Possibly replace at turn
nbrvg1-gl-0-425181,74701,bqlge0-a-0-142791,Unit by Unit Inspection,3109$II204,3109,Coco Village,II204,Occupancy,Occupancy,Pets in Unit,Status: Yes - No (where Yes = Bad) WO,Status,Yes,Status,Yes,Dog
nbrvg1-gl-0-425181,74701,bqlge0-a-0-142791,Unit by Unit Inspection,3109$II204,3109,Coco Village,II204,Occupancy,Occupancy,Pets in Unit,Status: Yes - No (where Yes = Bad) WO,Status,Yes,Status,Yes,Dog
nbrvg1-sl-0-425181,74701,bqlge0-a-0-142791,Unit by Unit Inspection,3109$J101,3109,Coco Village,J101,Kitchen,Kitchen,Range / Oven,Condition: Acceptable / Repair / Replace / NA (Built In Oven),Condition,Repair,Condition,Repair,To be removed
nbrvg1-f-0-425181,74701,bqlge0-a-0-142791,Unit by Unit Inspection,3109$J102,3109,Coco Village,J102,Occupancy,Occupancy,Pets in Unit,Status: Yes - No (where Yes = Bad) WO,Status,Yes,Status,Yes,2 dogs
nbrvg1-cb-0-425181,74701,bqlge0-a-0-142791,Unit by Unit Inspection,3109$J105,3109,Coco Village,J105,Occupancy,Occupancy,Pets in Unit,Status: Yes - No (where Yes = Bad) WO,Status,Yes,Status,Yes,Pet present
nbrvg1-nb-0-425181,74701,bqlge0-a-0-142791,Unit by Unit Inspection,3109$J106,3109,Coco Village,J106,Occupancy,Occupancy,Pets in Unit,Status: Yes - No (where Yes = Bad) WO,Status,Yes,Status,Yes,Dod
nbrvg1-yb-0-425181,74701,bqlge0-a-0-142791,Unit by Unit Inspection,3109$J107,3109,Coco Village,J107,Occupancy,Occupancy,Pets in Unit,Status: Yes - No (where Yes = Bad) WO,Status,Yes,Status,Yes,Dog
nbrvg1-vc-0-425181,74701,bqlge0-a-0-142791,Unit by Unit Inspection,3109$J202,3109,Coco Village,J202,Occupancy,Occupancy,Pets in Unit,Status: Yes - No (where Yes = Bad) WO,Status,Yes,Status,Yes,Dog
nbrvg1-te-0-425181,74701,bqlge0-a-0-142791,Unit by Unit Inspection,3109$J208,3109,Coco Village,J208,General,General,Carpet,Condition: Acceptable / Repair / Replace / NA,Condition,Replace,Condition,Replace,Replace at turn
nbrvg1-te-0-425181,74701,bqlge0-a-0-142791,Unit by Unit Inspection,3109$J208,3109,Coco Village,J208,Occupancy,Occupancy,Pets in Unit,Status: Yes - No (where Yes = Bad) WO,Status,Yes,Status,Yes,2 dogs
nbrvg1-5e-0-425181,74701,bqlge0-a-0-142791,Unit by Unit Inspection,3109$JJ101,3109,Coco Village,JJ101,General,General,Carpet,Condition: Acceptable / Repair / Replace / NA,Condition,Repair,Condition,Repair,Repair at turn
nbrvg1-hg-0-425181,74701,bqlge0-a-0-142791,Unit by Unit Inspection,3109$JJ105,3109,Coco Village,JJ105,General,General,Carpet,Condition: Acceptable / Repair / Replace / NA,Condition,Replace,Condition,Replace,Replace at turn
nbrvg1-hg-0-425181,74701,bqlge0-a-0-142791,Unit by Unit Inspection,3109$JJ105,3109,Coco Village,JJ105,Occupancy,Occupancy,Pets in Unit,Status: Yes - No (where Yes = Bad) WO,Status,Yes,Status,Yes,Cat or dog
nbrvg1-hh-0-425181,74701,bqlge0-a-0-142791,Unit by Unit Inspection,3109$JJ108,3109,Coco Village,JJ108,Occupancy,Occupancy,Pets in Unit,Status: Yes - No (where Yes = Bad) WO,Status,Yes,Status,Yes,Dog
nbrvg1-th-0-425181,74701,bqlge0-a-0-142791,Unit by Unit Inspection,3109$JJ201,3109,Coco Village,JJ201,General,General,Carpet,Condition: Acceptable / Repair / Replace / NA,Condition,Replace,Condition,Replace,Replace at turn
nbrvg1-th-0-425181,74701,bqlge0-a-0-142791,Unit by Unit Inspection,3109$JJ201,3109,Coco Village,JJ201,General,General,Carpet,Condition: Acceptable / Repair / Replace / NA,Condition,Replace,Condition,Replace,Replace at turn
nbrvg1-hj-0-425181,74701,bqlge0-a-0-142791,Unit by Unit Inspection,3109$JJ206,3109,Coco Village,JJ206,General,General,Carpet,Condition: Acceptable / Repair / Replace / NA,Condition,Replace,Condition,Replace,Replace at turn
nbrvg1-hj-0-425181,74701,bqlge0-a-0-142791,Unit by Unit Inspection,3109$JJ206,3109,Coco Village,JJ206,Occupancy,Occupancy,Pets in Unit,Status: Yes - No (where Yes = Bad) WO,Status,Yes,Status,Yes,Dog and cat
nbrvg1-tj-0-425181,74701,bqlge0-a-0-142791,Unit by Unit Inspection,3109$JJ207,3109,Coco Village,JJ207,General,General,Carpet,Condition: Acceptable / Repair / Replace / NA,Condition,Repair,Condition,Repair,Repair at turn
nbrvg1-5j-0-425181,74701,bqlge0-a-0-142791,Unit by Unit Inspection,3109$JJ208,3109,Coco Village,JJ208,General,General,Carpet,Condition: Acceptable / Repair / Replace / NA,Condition,Repair,Condition,Repair,Repair or replace at turn
nbrvg1-5j-0-425181,74701,bqlge0-a-0-142791,Unit by Unit Inspection,3109$JJ208,3109,Coco Village,JJ208,Occupancy,Occupancy,Pets in Unit,Status: Yes - No (where Yes = Bad) WO,Status,Yes,Status,Yes,Cat
nbrvg1-5j-0-425181,74701,bqlge0-a-0-142791,Unit by Unit Inspection,3109$JJ208,3109,Coco Village,JJ208,Occupancy,Occupancy,Pets in Unit,Status: Yes - No (where Yes = Bad) WO,Status,Yes,Status,Yes,Cat
nbrvg1-5k-0-425181,74701,bqlge0-a-0-142791,Unit by Unit Inspection,3109$K103,3109,Coco Village,K103,Occupancy,Occupancy,Pets in Unit,Status: Yes - No (where Yes = Bad) WO,Status,Yes,Status,Yes,Evidence of pet damage front door inside
nbrvg1-hl-0-425181,74701,bqlge0-a-0-142791,Unit by Unit Inspection,3109$K104,3109,Coco Village,K104,Occupancy,Occupancy,Pets in Unit,Status: Yes - No (where Yes = Bad) WO,Status,Yes,Status,Yes,Pet present
nbrvg1-db-0-425181,74701,bqlge0-a-0-142791,Unit by Unit Inspection,3109$L101,3109,Coco Village,L101,Occupancy,Occupancy,Pets in Unit,Status: Yes - No (where Yes = Bad) WO,Status,Yes,Status,Yes,Dog in unit
nbrvg1-7c-0-425181,74701,bqlge0-a-0-142791,Unit by Unit Inspection,3109$L107,3109,Coco Village,L107,Occupancy,Occupancy,Pets in Unit,Status: Yes - No (where Yes = Bad) WO,Status,Yes,Status,Yes,Pet present
nbrvg1-6d-0-425181,74701,bqlge0-a-0-142791,Unit by Unit Inspection,3109$L202,3109,Coco Village,L202,Occupancy,Occupancy,Pets in Unit,Status: Yes - No (where Yes = Bad) WO,Status,Yes,Status,Yes,Pet present
nbrvg1-ig-0-425181,74701,bqlge0-a-0-142791,Unit by Unit Inspection,3109$M101,3109,Coco Village,M101,Occupancy,Occupancy,Pets in Unit,Status: Yes - No (where Yes = Bad) WO,Status,Yes,Status,Yes,Pets present
nbrvg1-6g-0-425181,74701,bqlge0-a-0-142791,Unit by Unit Inspection,3109$M103,3109,Coco Village,M103,Occupancy,Occupancy,Pets in Unit,Status: Yes - No (where Yes = Bad) WO,Status,Yes,Status,Yes,Dog
nbrvg1-ih-0-425181,74701,bqlge0-a-0-142791,Unit by Unit Inspection,3109$M104,3109,Coco Village,M104,Occupancy,Occupancy,Pets in Unit,Status: Yes - No (where Yes = Bad) WO,Status,Yes,Status,Yes,Cat
nbrvg1-ui-0-425181,74701,bqlge0-a-0-142791,Unit by Unit Inspection,3109$M204,3109,Coco Village,M204,Occupancy,Occupancy,Pets in Unit,Status: Yes - No (where Yes = Bad) WO,Status,Yes,Status,Yes,Pets present
nbrvg1-uj-0-425181,74701,bqlge0-a-0-142791,Unit by Unit Inspection,3109$N103,3109,Coco Village,N103,Occupancy,Occupancy,Pets in Unit,Status: Yes - No (where Yes = Bad) WO,Status,Yes,Status,Yes,Dog
nbrvg1-uk-0-425181,74701,bqlge0-a-0-142791,Unit by Unit Inspection,3109$N106,3109,Coco Village,N106,General,General,Detector Condition,Detector Condition,Smoke Detector Condition,Replace 1,Smoke Detector Condition,Replace 1,
nbrvg1-uk-0-425181,74701,bqlge0-a-0-142791,Unit by Unit Inspection,3109$N106,3109,Coco Village,N106,Occupancy,Occupancy,Pets in Unit,Status: Yes - No (where Yes = Bad) WO,Status,Yes,Status,Yes,Barking dog
nbrvg1-uk-0-425181,74701,bqlge0-a-0-142791,Unit by Unit Inspection,3109$N106,3109,Coco Village,N106,Occupancy,Occupancy,Pets in Unit,Status: Yes - No (where Yes = Bad) WO,Status,Yes,Status,Yes,Barking dog
nbrvg1-6k-0-425181,74701,bqlge0-a-0-142791,Unit by Unit Inspection,3109$N107,3109,Coco Village,N107,Occupancy,Occupancy,Pets in Unit,Status: Yes - No (where Yes = Bad) WO,Status,Yes,Status,Yes,Cat
nbrvg1-s-0-425181,74701,bqlge0-a-0-142791,Unit by Unit Inspection,3109$N203,3109,Coco Village,N203,Bathroom,Bathroom,Bathtub / Shower Faucet,Condition: Acceptable / Repair / Replace,Condition,Replace,Condition,Replace,Replace at turn
nbrvg1-s-0-425181,74701,bqlge0-a-0-142791,Unit by Unit Inspection,3109$N203,3109,Coco Village,N203,General,General,Carpet,Condition: Acceptable / Repair / Replace / NA,Condition,Repair,Condition,Repair,Repair at turn
nbrvg1-3-0-425181,74701,bqlge0-a-0-142791,Unit by Unit Inspection,3109$N204,3109,Coco Village,N204,General,General,Carpet,Condition: Acceptable / Repair / Replace / NA,Condition,Replace,Condition,Replace,Replace at turn
nbrvg1-3-0-425181,74701,bqlge0-a-0-142791,Unit by Unit Inspection,3109$N204,3109,Coco Village,N204,Occupancy,Occupancy,Pets in Unit,Status: Yes - No (where Yes = Bad) WO,Status,Yes,Status,Yes,Dog
nbrvg1-bc-0-425181,74701,bqlge0-a-0-142791,Unit by Unit Inspection,3109$N208,3109,Coco Village,N208,Occupancy,Occupancy,Pets in Unit,Status: Yes - No (where Yes = Bad) WO,Status,Yes,Status,Yes,Dog
nbrvg1-jf-0-425181,74701,bqlge0-a-0-142791,Unit by Unit Inspection,3109$O202,3109,Coco Village,O202,Occupancy,Occupancy,Housekeeping,Status: Yes - No (where Yes = Bad) WO,Status,Yes,Status,Yes,Excessive boxes. Neatly stacked
nbrvg1-vf-0-425181,74701,bqlge0-a-0-142791,Unit by Unit Inspection,3109$O203,3109,Coco Village,O203,Occupancy,Occupancy,Pets in Unit,Status: Yes - No (where Yes = Bad) WO,Status,Yes,Status,Yes,Pet present
nbrvg1-vg-0-425181,74701,bqlge0-a-0-142791,Unit by Unit Inspection,3109$O206,3109,Coco Village,O206,Occupancy,Occupancy,Pets in Unit,Status: Yes - No (where Yes = Bad) WO,Status,Yes,Status,Yes,Pet present dog
nbrvg1-vh-0-425181,74701,bqlge0-a-0-142791,Unit by Unit Inspection,3109$P101,3109,Coco Village,P101,Occupancy,Occupancy,Pets in Unit,Status: Yes - No (where Yes = Bad) WO,Status,Yes,Status,Yes,Dog present
nbrvg1-ji-0-425181,74701,bqlge0-a-0-142791,Unit by Unit Inspection,3109$P103,3109,Coco Village,P103,Occupancy,Occupancy,Pets in Unit,Status: Yes - No (where Yes = Bad) WO,Status,Yes,Status,Yes,Cat present
nbrvg1-vi-0-425181,74701,bqlge0-a-0-142791,Unit by Unit Inspection,3109$P104,3109,Coco Village,P104,Bedroom,Bedroom,Closet Doors,Condition: Acceptable / Repair / Replace,Condition,Repair,Condition,Repair,Repair during inspection
nbrvg1-vi-0-425181,74701,bqlge0-a-0-142791,Unit by Unit Inspection,3109$P104,3109,Coco Village,P104,Bedroom,Bedroom,Closet Doors,Condition: Acceptable / Repair / Replace,Condition,Repair,Condition,Repair,Repair during inspection
nbrvg1-vi-0-425181,74701,bqlge0-a-0-142791,Unit by Unit Inspection,3109$P104,3109,Coco Village,P104,General,General,Carpet,Condition: Acceptable / Repair / Replace / NA,Condition,Replace,Condition,Replace,Replace at turn
nbrvg1-vi-0-425181,74701,bqlge0-a-0-142791,Unit by Unit Inspection,3109$P104,3109,Coco Village,P104,Occupancy,Occupancy,Pets in Unit,Status: Yes - No (where Yes = Bad) WO,Status,Yes,Status,Yes,Dog
nbrvg1-vi-0-425181,74701,bqlge0-a-0-142791,Unit by Unit Inspection,3109$P104,3109,Coco Village,P104,Occupancy,Occupancy,Pets in Unit,Status: Yes - No (where Yes = Bad) WO,Status,Yes,Status,Yes,Dog
nbrvg1-jj-0-425181,74701,bqlge0-a-0-142791,Unit by Unit Inspection,3109$P202,3109,Coco Village,P202,Occupancy,Occupancy,Pets in Unit,Status: Yes - No (where Yes = Bad) WO,Status,Yes,Status,Yes,Dogs present 2
nbrvg1-7k-0-425181,74701,bqlge0-a-0-142791,Unit by Unit Inspection,3109$Q103,3109,Coco Village,Q103,Occupancy,Occupancy,Pets in Unit,Status: Yes - No (where Yes = Bad) WO,Status,Yes,Status,Yes,Evidence of pet dog
nbrvg1-vl-0-425181,74701,bqlge0-a-0-142791,Unit by Unit Inspection,3109$Q201,3109,Coco Village,Q201,Occupancy,Occupancy,Pets in Unit,Status: Yes - No (where Yes = Bad) WO,Status,Yes,Status,Yes,Dog and cat present
nbrvg1-vl-0-425181,74701,bqlge0-a-0-142791,Unit by Unit Inspection,3109$Q201,3109,Coco Village,Q201,Occupancy,Occupancy,Pets in Unit,Status: Yes - No (where Yes = Bad) WO,Status,Yes,Status,Yes,Dog and cat present
nbrvg1-vl-0-425181,74701,bqlge0-a-0-142791,Unit by Unit Inspection,3109$Q201,3109,Coco Village,Q201,Occupancy,Occupancy,Pets in Unit,Status: Yes - No (where Yes = Bad) WO,Status,Yes,Status,Yes,Dog and cat present
nbrvg1-i-0-425181,74701,bqlge0-a-0-142791,Unit by Unit Inspection,3109$Q202,3109,Coco Village,Q202,Occupancy,Occupancy,Pets in Unit,Status: Yes - No (where Yes = Bad) WO,Status,Yes,Status,Yes,Dog on lease
nbrvg1-nc-0-425181,74701,bqlge0-a-0-142791,Unit by Unit Inspection,3109$R201,3109,Coco Village,R201,Occupancy,Occupancy,Pets in Unit,Status: Yes - No (where Yes = Bad) WO,Status,Yes,Status,Yes,Cat Ran under bed resident stated it is a cat
nbrvg1-yc-0-425181,74701,bqlge0-a-0-142791,Unit by Unit Inspection,3109$R202,3109,Coco Village,R202,Occupancy,Occupancy,Pets in Unit,Status: Yes - No (where Yes = Bad) WO,Status,Yes,Status,Yes,Cat
nbrvg1-yc-0-425181,74701,bqlge0-a-0-142791,Unit by Unit Inspection,3109$R202,3109,Coco Village,R202,Occupancy,Occupancy,Pets in Unit,Status: Yes - No (where Yes = Bad) WO,Status,Yes,Status,Yes,Cat
nbrvg1-wd-0-425181,74701,bqlge0-a-0-142791,Unit by Unit Inspection,3109$S101,3109,Coco Village,S101,Occupancy,Occupancy,Pets in Unit,Status: Yes - No (where Yes = Bad) WO,Status,Yes,Status,Yes,Dog
nbrvg1-we-0-425181,74701,bqlge0-a-0-142791,Unit by Unit Inspection,3109$S104,3109,Coco Village,S104,General,General,Carpet,Condition: Acceptable / Repair / Replace / NA,Condition,Replace,Condition,Replace,Replace at turn
nbrvg1-we-0-425181,74701,bqlge0-a-0-142791,Unit by Unit Inspection,3109$S104,3109,Coco Village,S104,General,General,Carpet,Condition: Acceptable / Repair / Replace / NA,Condition,Replace,Condition,Replace,Replace at turn
nbrvg1-wf-0-425181,74701,bqlge0-a-0-142791,Unit by Unit Inspection,3109$S107,3109,Coco Village,S107,General,General,Carpet,Condition: Acceptable / Repair / Replace / NA,Condition,Replace,Condition,Replace,Replace at turn
nbrvg1-wf-0-425181,74701,bqlge0-a-0-142791,Unit by Unit Inspection,3109$S107,3109,Coco Village,S107,Occupancy,Occupancy,Pets in Unit,Status: Yes - No (where Yes = Bad) WO,Status,Yes,Status,Yes,Cat
nbrvg1-wf-0-425181,74701,bqlge0-a-0-142791,Unit by Unit Inspection,3109$S107,3109,Coco Village,S107,Occupancy,Occupancy,Pets in Unit,Status: Yes - No (where Yes = Bad) WO,Status,Yes,Status,Yes,Cat
nbrvg1-wf-0-425181,74701,bqlge0-a-0-142791,Unit by Unit Inspection,3109$S107,3109,Coco Village,S107,Occupancy,Occupancy,Pets in Unit,Status: Yes - No (where Yes = Bad) WO,Status,Yes,Status,Yes,Cat
nbrvg1-wf-0-425181,74701,bqlge0-a-0-142791,Unit by Unit Inspection,3109$S107,3109,Coco Village,S107,Occupancy,Occupancy,Pets in Unit,Status: Yes - No (where Yes = Bad) WO,Status,Yes,Status,Yes,Cat
nbrvg1-8g-0-425181,74701,bqlge0-a-0-142791,Unit by Unit Inspection,3109$S203,3109,Coco Village,S203,Occupancy,Occupancy,Pets in Unit,Status: Yes - No (where Yes = Bad) WO,Status,Yes,Status,Yes,Dog
nbrvg1-ki-0-425181,74701,bqlge0-a-0-142791,Unit by Unit Inspection,3109$S207,3109,Coco Village,S207,Occupancy,Occupancy,Pets in Unit,Status: Yes - No (where Yes = Bad) WO,Status,Yes,Status,Yes,ESA on lease
nbrvg1-kj-0-425181,74701,bqlge0-a-0-142791,Unit by Unit Inspection,3109$T102,3109,Coco Village,T102,Occupancy,Occupancy,Pets in Unit,Status: Yes - No (where Yes = Bad) WO,Status,Yes,Status,Yes,Dog present but no pic available
nbrvg1-wj-0-425181,74701,bqlge0-a-0-142791,Unit by Unit Inspection,3109$T103,3109,Coco Village,T103,Occupancy,Occupancy,Housekeeping,Status: Yes - No (where Yes = Bad) WO,Status,Yes,Status,Yes,Excessive trash in unit
nbrvg1-8k-0-425181,74701,bqlge0-a-0-142791,Unit by Unit Inspection,3109$T107,3109,Coco Village,T107,Occupancy,Occupancy,Pets in Unit,Status: Yes - No (where Yes = Bad) WO,Status,Yes,Status,Yes,Evidence of pet dog
nbrvg1-wl-0-425181,74701,bqlge0-a-0-142791,Unit by Unit Inspection,3109$T201,3109,Coco Village,T201,Occupancy,Occupancy,Pets in Unit,Status: Yes - No (where Yes = Bad) WO,Status,Yes,Status,Yes,Cat present
nbrvg1-wl-0-425181,74701,bqlge0-a-0-142791,Unit by Unit Inspection,3109$T201,3109,Coco Village,T201,Occupancy,Occupancy,Pets in Unit,Status: Yes - No (where Yes = Bad) WO,Status,Yes,Status,Yes,Cat present
nbrvg1-j-0-425181,74701,bqlge0-a-0-142791,Unit by Unit Inspection,3109$T202,3109,Coco Village,T202,Occupancy,Occupancy,Pets in Unit,Status: Yes - No (where Yes = Bad) WO,Status,Yes,Status,Yes,Evidence of cat
nbrvg1-u-0-425181,74701,bqlge0-a-0-142791,Unit by Unit Inspection,3109$T203,3109,Coco Village,T203,Occupancy,Occupancy,Pets in Unit,Status: Yes - No (where Yes = Bad) WO,Status,Yes,Status,Yes,Dog present
nbrvg1-oc-0-425181,74701,bqlge0-a-0-142791,Unit by Unit Inspection,3109$U101,3109,Coco Village,U101,Occupancy,Occupancy,Pets in Unit,Status: Yes - No (where Yes = Bad) WO,Status,Yes,Status,Yes,Small dog
nbrvg1-zc-0-425181,74701,bqlge0-a-0-142791,Unit by Unit Inspection,3109$U102,3109,Coco Village,U102,Kitchen,Kitchen,Garbage Disposal,Condition: Acceptable / Repair / Replace / NA,Condition,Repair,Condition,Repair,Jammed motor seems to be stuck
nbrvg1-xd-0-425181,74701,bqlge0-a-0-142791,Unit by Unit Inspection,3109$U105,3109,Coco Village,U105,Occupancy,Occupancy,Pets in Unit,Status: Yes - No (where Yes = Bad) WO,Status,Yes,Status,Yes,Dog
nbrvg1-9f-0-425181,74701,bqlge0-a-0-142791,Unit by Unit Inspection,3109$U204,3109,Coco Village,U204,Kitchen,Kitchen,Dishwasher,Condition: Acceptable / Repair / Replace / NA,Condition,Repair,Condition,Repair,Needs to be reset
nbrvg1-9f-0-425181,74701,bqlge0-a-0-142791,Unit by Unit Inspection,3109$U204,3109,Coco Village,U204,Occupancy,Occupancy,Pets in Unit,Status: Yes - No (where Yes = Bad) WO,Status,Yes,Status,Yes,Cat ran away
nbrvg1-xg-0-425181,74701,bqlge0-a-0-142791,Unit by Unit Inspection,3109$U206,3109,Coco Village,U206,Occupancy,Occupancy,Pets in Unit,Status: Yes - No (where Yes = Bad) WO,Status,Yes,Status,Yes,Cat
nbrvg1-9g-0-425181,74701,bqlge0-a-0-142791,Unit by Unit Inspection,3109$U207,3109,Coco Village,U207,Bathroom,Bathroom,Toilet,Condition: Acceptable / Repair / Replace,Condition,Repair,Condition,Repair,Ubu replace flapper
nbrvg1-xh-0-425181,74701,bqlge0-a-0-142791,Unit by Unit Inspection,3109$V101,3109,Coco Village,V101,Kitchen,Kitchen,Cabinets,Condition: Acceptable / Repair / Replace,Condition,Repair,Condition,Repair,Repair at turn
nbrvg1-xh-0-425181,74701,bqlge0-a-0-142791,Unit by Unit Inspection,3109$V101,3109,Coco Village,V101,Kitchen,Kitchen,Cabinets,Condition: Acceptable / Repair / Replace,Condition,Repair,Condition,Repair,Repair at turn
nbrvg1-9h-0-425181,74701,bqlge0-a-0-142791,Unit by Unit Inspection,3109$V102,3109,Coco Village,V102,Occupancy,Occupancy,Pets in Unit,Status: Yes - No (where Yes = Bad) WO,Status,Yes,Status,Yes,Dog
nbrvg1-li-0-425181,74701,bqlge0-a-0-142791,Unit by Unit Inspection,3109$V103,3109,Coco Village,V103,Occupancy,Occupancy,Pets in Unit,Status: Yes - No (where Yes = Bad) WO,Status,Yes,Status,Yes,Pet listed but not present
nbrvg1-9i-0-425181,74701,bqlge0-a-0-142791,Unit by Unit Inspection,3109$V201,3109,Coco Village,V201,Occupancy,Occupancy,Pets in Unit,Status: Yes - No (where Yes = Bad) WO,Status,Yes,Status,Yes,Cat
nbrvg1-ll-0-425181,74701,bqlge0-a-0-142791,Unit by Unit Inspection,3109$W104,3109,Coco Village,W104,Occupancy,Occupancy,Pets in Unit,Status: Yes - No (where Yes = Bad) WO,Status,Yes,Status,Yes,Dog
nbrvg1-xl-0-425181,74701,bqlge0-a-0-142791,Unit by Unit Inspection,3109$W201,3109,Coco Village,W201,Occupancy,Occupancy,Pets in Unit,Status: Yes - No (where Yes = Bad) WO,Status,Yes,Status,Yes,Dog x2
nbrvg1-hb-0-425181,74701,bqlge0-a-0-142791,Unit by Unit Inspection,3109$X101,3109,Coco Village,X101,Occupancy,Occupancy,Pets in Unit,Status: Yes - No (where Yes = Bad) WO,Status,Yes,Status,Yes,Cats
nbrvg1-hb-0-425181,74701,bqlge0-a-0-142791,Unit by Unit Inspection,3109$X101,3109,Coco Village,X101,Occupancy,Occupancy,Pets in Unit,Status: Yes - No (where Yes = Bad) WO,Status,Yes,Status,Yes,Cats
nbrvg1-sb-0-425181,74701,bqlge0-a-0-142791,Unit by Unit Inspection,3109$X102,3109,Coco Village,X102,Occupancy,Occupancy,Pets in Unit,Status: Yes - No (where Yes = Bad) WO,Status,Yes,Status,Yes,Dog
nbrvg1-3b-0-425181,74701,bqlge0-a-0-142791,Unit by Unit Inspection,3109$X103,3109,Coco Village,X103,Occupancy,Occupancy,Pets in Unit,Status: Yes - No (where Yes = Bad) WO,Status,Yes,Status,Yes,Cat
nbrvg1-pc-0-425181,74701,bqlge0-a-0-142791,Unit by Unit Inspection,3109$X105,3109,Coco Village,X105,Occupancy,Occupancy,Pets in Unit,Status: Yes - No (where Yes = Bad) WO,Status,Yes,Status,Yes,Dog
nbrvg1-bd-0-425181,74701,bqlge0-a-0-142791,Unit by Unit Inspection,3109$X107,3109,Coco Village,X107,Occupancy,Occupancy,Pets in Unit,Status: Yes - No (where Yes = Bad) WO,Status,Yes,Status,Yes,Dog
nbrvg1-bd-0-425181,74701,bqlge0-a-0-142791,Unit by Unit Inspection,3109$X107,3109,Coco Village,X107,Occupancy,Occupancy,Pets in Unit,Status: Yes - No (where Yes = Bad) WO,Status,Yes,Status,Yes,Dog
nbrvg1-md-0-425181,74701,bqlge0-a-0-142791,Unit by Unit Inspection,3109$X108,3109,Coco Village,X108,Occupancy,Occupancy,Housekeeping,Status: Yes - No (where Yes = Bad) WO,Status,Yes,Status,Yes,Too crowded with items
nbrvg1-md-0-425181,74701,bqlge0-a-0-142791,Unit by Unit Inspection,3109$X108,3109,Coco Village,X108,Occupancy,Occupancy,Housekeeping,Status: Yes - No (where Yes = Bad) WO,Status,Yes,Status,Yes,Too crowded with items
nbrvg1-md-0-425181,74701,bqlge0-a-0-142791,Unit by Unit Inspection,3109$X108,3109,Coco Village,X108,Occupancy,Occupancy,Housekeeping,Status: Yes - No (where Yes = Bad) WO,Status,Yes,Status,Yes,Too crowded with items
nbrvg1-md-0-425181,74701,bqlge0-a-0-142791,Unit by Unit Inspection,3109$X108,3109,Coco Village,X108,Occupancy,Occupancy,Housekeeping,Status: Yes - No (where Yes = Bad) WO,Status,Yes,Status,Yes,Too crowded with items
nbrvg1-yd-0-425181,74701,bqlge0-a-0-142791,Unit by Unit Inspection,3109$X201,3109,Coco Village,X201,Occupancy,Occupancy,Pets in Unit,Status: Yes - No (where Yes = Bad) WO,Status,Yes,Status,Yes,Dogs
nbrvg1-ae-0-425181,74701,bqlge0-a-0-142791,Unit by Unit Inspection,3109$X202,3109,Coco Village,X202,Bathroom,Bathroom,Mirror,Condition: Acceptable / Replace,Condition,Replace,Condition,Replace,Replace on turn
nbrvg1-af-0-425181,74701,bqlge0-a-0-142791,Unit by Unit Inspection,3109$X205,3109,Coco Village,X205,Occupancy,Occupancy,Pets in Unit,Status: Yes - No (where Yes = Bad) WO,Status,Yes,Status,Yes,Dog
nbrvg1-mf-0-425181,74701,bqlge0-a-0-142791,Unit by Unit Inspection,3109$X206,3109,Coco Village,X206,General,General,Carpet,Condition: Acceptable / Repair / Replace / NA,Condition,Replace,Condition,Replace,Pet stains
nbrvg1-mf-0-425181,74701,bqlge0-a-0-142791,Unit by Unit Inspection,3109$X206,3109,Coco Village,X206,Occupancy,Occupancy,Pets in Unit,Status: Yes - No (where Yes = Bad) WO,Status,Yes,Status,Yes,Dog
nbrvg1-mg-0-425181,74701,bqlge0-a-0-142791,Unit by Unit Inspection,3109$Y101,3109,Coco Village,Y101,Occupancy,Occupancy,Pets in Unit,Status: Yes - No (where Yes = Bad) WO,Status,Yes,Status,Yes,Dogs
nbrvg1-mj-0-425181,74701,bqlge0-a-0-142791,Unit by Unit Inspection,3109$Z102,3109,Coco Village,Z102,Occupancy,Occupancy,Pets in Unit,Status: Yes - No (where Yes = Bad) WO,Status,Yes,Status,Yes,Cat
nbrvg1-ml-0-425181,74701,bqlge0-a-0-142791,Unit by Unit Inspection,3109$Z204,3109,Coco Village,Z204,Occupancy,Occupancy,Pets in Unit,Status: Yes - No (where Yes = Bad) WO,Status,Yes,Status,Yes,Dog
